,answer_id,answer_string,id,part_id,problem_id,score,set_id,timestamp,user_id
95892,58970,"C(12,1)*C(39,4)",29763,0,1,0,Assignment10.16.13,2013-10-16T23:48:53,ehk006
95893,58971,"C(12,1)*C(40,4)",29764,0,1,0,Assignment10.16.13,2013-10-16T23:49:18,ehk006
95913,58989,"C(12,1)+C(40,4)",29765,0,1,0,Assignment10.16.13,2013-10-17T00:10:36,ehk006
95918,58992,"C(12,1)",29766,0,1,0,Assignment10.16.13,2013-10-17T00:13:41,ehk006
95920,58994,12,29295,0,1,0,Assignment10.16.13,2013-10-17T00:17:29,bbarmeye
95927,58999,16,29296,0,1,0,Assignment10.16.13,2013-10-17T00:24:02,bbarmeye
95929,59001,16!/11!,29297,0,1,0,Assignment10.16.13,2013-10-17T00:25:08,bbarmeye
95930,59002,"12 * C(31,4)",28968,0,1,0,Assignment10.16.13,2013-10-17T00:25:13,actsang
95932,59003,"16 * C(31,4)",28970,0,1,0,Assignment10.16.13,2013-10-17T00:26:25,actsang
95934,59004,"C(12,1) * C(51,4)",28972,0,1,0,Assignment10.16.13,2013-10-17T00:28:26,actsang
95935,59005,"C(16,1) * C(51,4)",28973,0,1,0,Assignment10.16.13,2013-10-17T00:28:34,actsang
95936,59006,"1-C(40,5)",28974,0,1,0,Assignment10.16.13,2013-10-17T00:30:22,actsang
95937,59007,"C(52,5) - C(40,5)",28975,0,1,0,Assignment10.16.13,2013-10-17T00:31:23,actsang
95938,59008,"C(32,5) - C(20,5)",28976,0,1,1,Assignment10.16.13,2013-10-17T00:33:14,actsang
95944,59012,4,29090,0,1,0,Assignment10.16.13,2013-10-17T00:40:08,aplin
95945,59013,52^4,29091,0,1,0,Assignment10.16.13,2013-10-17T00:40:17,aplin
95947,59015,4*4,29092,0,1,0,Assignment10.16.13,2013-10-17T00:40:26,aplin
95952,59020,28,29460,0,1,0,Assignment10.16.13,2013-10-17T00:43:58,cthio
95955,59022,28!/(5!23!),29462,0,1,0,Assignment10.16.13,2013-10-17T00:44:26,cthio
95956,59023,16,29093,0,1,0,Assignment10.16.13,2013-10-17T00:46:21,aplin
95964,59029,36!/[4!32!],29094,0,1,0,Assignment10.16.13,2013-10-17T00:49:55,aplin
95965,59030,16^5,29095,0,1,0,Assignment10.16.13,2013-10-17T00:50:24,aplin
95972,59033,6*4,29096,0,1,0,Assignment10.16.13,2013-10-17T00:51:48,aplin
95974,59035,27^5,29097,0,1,0,Assignment10.16.13,2013-10-17T00:52:24,aplin
95975,59036,"C(12,1)",30929,0,1,0,Assignment10.16.13,2013-10-17T00:52:26,mrobinet
95976,59037,27!/[22!5!],29098,0,1,0,Assignment10.16.13,2013-10-17T00:52:44,aplin
95980,59039,28!/[23!5!],29099,0,1,0,Assignment10.16.13,2013-10-17T00:53:02,aplin
95982,59041,32!/(5!27!),29463,0,1,0,Assignment10.16.13,2013-10-17T00:54:08,cthio
95983,59042,32!/(4!28!),29464,0,1,0,Assignment10.16.13,2013-10-17T00:54:40,cthio
95984,59043,32*31*30*29*16,29465,0,1,0,Assignment10.16.13,2013-10-17T00:56:27,cthio
95992,59051,52-24,29653,0,1,0,Assignment10.16.13,2013-10-17T01:00:47,dmariano
95995,59054,"C(23,4)/C(51, 4)",30022,0,1,0,Assignment10.16.13,2013-10-17T01:02:01,j8sandov
95997,59056,52!/(28!24!),29654,0,1,0,Assignment10.16.13,2013-10-17T01:02:21,dmariano
95999,59057,"C(27,4)/C(51, 4)",30023,0,1,0,Assignment10.16.13,2013-10-17T01:02:32,j8sandov
96003,59059,12!/[11!1!],29103,0,1,0,Assignment10.16.13,2013-10-17T01:02:55,aplin
96007,59063,"C(11,4)",30930,0,1,0,Assignment10.16.13,2013-10-17T01:04:24,mrobinet
96008,59064,11!/[10!1!],29104,0,1,0,Assignment10.16.13,2013-10-17T01:04:29,aplin
96009,59065,,30024,0,1,0,Assignment10.16.13,2013-10-17T01:04:32,j8sandov
96010,59066,"C(31,4)",30931,0,1,0,Assignment10.16.13,2013-10-17T01:05:09,mrobinet
96012,59068,52!/(47!5!),29658,0,1,0,Assignment10.16.13,2013-10-17T01:05:37,dmariano
96014,59069,"C(31-4,4)",30932,0,1,0,Assignment10.16.13,2013-10-17T01:05:56,mrobinet
96015,59070,"C(35, 4)/C(51, 4)",30025,0,1,0,Assignment10.16.13,2013-10-17T01:06:31,j8sandov
96017,59072,52!/(47!5!)-(52/(40!12!)),29660,0,1,0,Assignment10.16.13,2013-10-17T01:06:50,dmariano
96022,59074,52!/(47!5!)-(52!/(40!12!)),29661,0,1,0,Assignment10.16.13,2013-10-17T01:06:57,dmariano
96023,59075,"C(35, 4)",30026,0,1,0,Assignment10.16.13,2013-10-17T01:07:05,j8sandov
96024,59076,"C(27, 4)",30027,0,1,0,Assignment10.16.13,2013-10-17T01:07:17,j8sandov
96025,59077,"C(31, 4)",30028,0,1,0,Assignment10.16.13,2013-10-17T01:07:28,j8sandov
96027,59079,"C(12,1)*C(31,4)",30933,0,1,0,Assignment10.16.13,2013-10-17T01:08:11,mrobinet
96028,59080,"C(12,1)*C(31-4,4)",30934,0,1,0,Assignment10.16.13,2013-10-17T01:08:27,mrobinet
96033,59084,"C(12,1)+C(31,4)",30935,0,1,0,Assignment10.16.13,2013-10-17T01:09:29,mrobinet
96035,59086,12+28,29105,0,1,0,Assignment10.16.13,2013-10-17T01:09:38,aplin
96036,59087,"C(12,1)+C(31-4,4)",30936,0,1,0,Assignment10.16.13,2013-10-17T01:09:39,mrobinet
96039,59090,"C(16, 1) * C(31, 4)",30029,0,1,0,Assignment10.16.13,2013-10-17T01:10:10,j8sandov
96044,59095,"4* C(4, 1) * 4 * C(15, 4)",30030,0,1,0,Assignment10.16.13,2013-10-17T01:11:34,j8sandov
96048,59098,(52!/(47!5!))-(40!/(35!5!))/(52!/(47!5!)),29662,0,1,0,Assignment10.16.13,2013-10-17T01:15:00,dmariano
96049,59099,(32!/(5!27!))-(20!/(5!15!)),29329,0,1,1,Assignment10.16.13,2013-10-17T01:15:01,bhc002
96051,59100,((52!/(47!5!))-(40!/(35!5!)))/(52!/(47!5!)),29663,0,1,0,Assignment10.16.13,2013-10-17T01:15:19,dmariano
96052,59101,1-(((52!/(47!5!))-(40!/(35!5!)))/(52!/(47!5!))),29664,0,1,0,Assignment10.16.13,2013-10-17T01:15:44,dmariano
96053,59102,"C(12, 1) * 5",30031,0,1,0,Assignment10.16.13,2013-10-17T01:16:27,j8sandov
96054,59103,(52!/(47!5!))-(40!/(35!5!)),29665,0,1,0,Assignment10.16.13,2013-10-17T01:16:33,dmariano
96057,59106,"C(8-1,4-1)",30937,0,1,0,Assignment10.16.13,2013-10-17T01:17:23,mrobinet
96058,59107,"C(8+4-1,4-1)",30938,0,1,0,Assignment10.16.13,2013-10-17T01:17:33,mrobinet
96060,59109,"C(36, 4)",30032,0,1,0,Assignment10.16.13,2013-10-17T01:17:46,j8sandov
96062,59111,"C(36, 5)",30033,0,1,0,Assignment10.16.13,2013-10-17T01:18:34,j8sandov
96064,59113,"C(40, 5)",30034,0,1,0,Assignment10.16.13,2013-10-17T01:18:49,j8sandov
96065,59114,"C(40, 4)",30035,0,1,0,Assignment10.16.13,2013-10-17T01:18:56,j8sandov
96066,59115,"C(31+4-1,4-1)",30939,0,1,0,Assignment10.16.13,2013-10-17T01:19:05,mrobinet
96077,59122,((52!/(47!5!))-(24!/(19!5!)))*((52!/(47!5!))-(40!/(35!5!))),29666,0,1,0,Assignment10.16.13,2013-10-17T01:21:02,dmariano
96090,59134,((52!/(47!5!))-(24!/(19!5!))),29668,0,1,0,Assignment10.16.13,2013-10-17T01:25:06,dmariano
96121,59157,"C(12,1)",30228,0,1,0,Assignment10.16.13,2013-10-17T01:30:31,jgg007
96125,59161,32!/(4!28!)*16,29466,0,1,0,Assignment10.16.13,2013-10-17T01:31:40,cthio
96127,59163,"12*C(52,4)",30229,0,1,0,Assignment10.16.13,2013-10-17T01:32:02,jgg007
96129,59165,12,29467,0,1,0,Assignment10.16.13,2013-10-17T01:32:59,cthio
96131,59168,"12*C(51,4)",30230,0,1,0,Assignment10.16.13,2013-10-17T01:33:36,jgg007
96147,59178,"C(40,4)*12",30231,0,1,0,Assignment10.16.13,2013-10-17T01:35:59,jgg007
96151,59182,28!/(4!24!)*12,29468,0,1,0,Assignment10.16.13,2013-10-17T01:36:23,cthio
96161,59191,16!/(4!12!)*12,29471,0,1,0,Assignment10.16.13,2013-10-17T01:37:54,cthio
96198,59211,"12*C(51,4)",30233,0,1,0,Assignment10.16.13,2013-10-17T01:41:10,jgg007
96232,59229,12,30234,0,1,0,Assignment10.16.13,2013-10-17T01:46:05,jgg007
96235,59231,"C(51,4)",30235,0,1,0,Assignment10.16.13,2013-10-17T01:46:40,jgg007
96237,59233,"C(51,5)",30236,0,1,0,Assignment10.16.13,2013-10-17T01:46:51,jgg007
96238,59234,"C(51,4) * 12",30237,0,1,0,Assignment10.16.13,2013-10-17T01:47:10,jgg007
96239,59235,"C(52,5) * 12",30238,0,1,0,Assignment10.16.13,2013-10-17T01:47:16,jgg007
96247,59241,"C(12,1)+C(40,4)",30440,0,1,0,Assignment10.16.13,2013-10-17T01:49:03,jwk020
96252,59245,"(C(4,1)^5)(C(8,1)^5)(C(4,1)^5)(C(5,1)^5)",30152,0,1,0,Assignment10.16.13,2013-10-17T01:51:52,jaw044
96263,59256,"C(32,5)-C(20,5)",30153,0,1,1,Assignment10.16.13,2013-10-17T01:55:05,jaw044
96264,59257,"C(32,5)-C(20,5)",30305,0,1,1,Assignment10.16.13,2013-10-17T01:55:21,jmkwan
96300,59276,"1/C(12,1)+C(40,4)",30441,0,1,0,Assignment10.16.13,2013-10-17T02:01:57,jwk020
96302,59278,"1/(C(12,1)+C(40,4))",30442,0,1,0,Assignment10.16.13,2013-10-17T02:02:08,jwk020
96303,59279,"C(52, 5) - C(40, 5)",31076,0,1,0,Assignment10.16.13,2013-10-17T02:02:09,ptraynor
96306,59282,"C(52, 5) - C(32, 5)",31077,0,1,0,Assignment10.16.13,2013-10-17T02:04:04,ptraynor
96308,59283,"C(52, 5) - C(20, 5)",31079,0,1,0,Assignment10.16.13,2013-10-17T02:04:28,ptraynor
96310,59285,"C(32, 5)",31080,0,1,0,Assignment10.16.13,2013-10-17T02:05:03,ptraynor
96323,59292,"C(52, 5) - C(40, 5)",31081,0,1,0,Assignment10.16.13,2013-10-17T02:06:18,ptraynor
96399,59348,12,30426,0,1,0,Assignment10.16.13,2013-10-17T02:20:00,juc030
96423,59362,"C(32, 5) - C(20, 5)",31082,0,1,1,Assignment10.16.13,2013-10-17T02:26:34,ptraynor
96451,59384,71971200,29374,0,1,0,Assignment10.16.13,2013-10-17T02:37:10,c7liao
96465,59389,2998800,29375,0,1,0,Assignment10.16.13,2013-10-17T02:38:15,c7liao
96469,59392,"C(32,4)",30874,0,1,0,Assignment10.16.13,2013-10-17T02:39:17,miy014
96471,59395,"C(32,4)*12",30875,0,1,0,Assignment10.16.13,2013-10-17T02:40:04,miy014
96475,59399,1940952,29376,0,1,0,Assignment10.16.13,2013-10-17T02:41:08,c7liao
96482,59402,"C(52,5)-C(20,5)",30876,0,1,0,Assignment10.16.13,2013-10-17T02:42:41,miy014
96491,59407,93912,29377,0,1,0,Assignment10.16.13,2013-10-17T02:45:16,c7liao
96493,59409,"C(12, 1)",31599,0,1,0,Assignment10.16.13,2013-10-17T02:45:55,xiz082
96494,59410,98280,29379,0,1,0,Assignment10.16.13,2013-10-17T02:46:49,c7liao
96495,59411,"C(52,5)-C(40,5)",30877,0,1,0,Assignment10.16.13,2013-10-17T02:47:03,miy014
96496,59412,(48**3)*3,28924,0,1,0,Assignment10.16.13,2013-10-17T02:47:22,a4to
96498,59414,"C(52, 5)-C(40,5)",31600,0,1,0,Assignment10.16.13,2013-10-17T02:48:01,xiz082
96499,59415,((52!/(47!5!))-(20!/(15!5!))),29676,0,1,0,Assignment10.16.13,2013-10-17T02:48:20,dmariano
96506,59420,((51!/(47!4!))-(20!/(16!4!))),29677,0,1,0,Assignment10.16.13,2013-10-17T02:49:21,dmariano
96521,59433,185872,29380,0,1,1,Assignment10.16.13,2013-10-17T02:52:59,c7liao
96525,59437,"C(52,5)-C(20,5)",30878,0,1,0,Assignment10.16.13,2013-10-17T02:54:15,miy014
96527,59438,"C(52,5)-C(24,5)",30880,0,1,0,Assignment10.16.13,2013-10-17T02:54:22,miy014
96528,59439,"C(12, 1)*31*30*29+C(12,2)*30*29+C(12,3)*29+C(12,4)",31601,0,1,0,Assignment10.16.13,2013-10-17T02:54:51,xiz082
96534,59444,"(12*C(32,4))+(C(12,2)*C(32,3))+(C(12,3)*C(32,2))+(C(12,4)*C(32,1))+(C(12,5))",30881,0,1,0,Assignment10.16.13,2013-10-17T02:57:15,miy014
96542,59450,"(12*C(20,4))+(C(12,2)*C(20,3))+(C(12,3)*C(20,2))+(C(12,4)*C(20,1))+(C(12,5))",30882,0,1,1,Assignment10.16.13,2013-10-17T02:59:37,miy014
96573,59473,12!/(7!5!) + 12!/(8!4!) * (40!/(39!1!)) + 12!/(9!3!) * (40!/(38!2!)) + 12!/(10!2!) * (40!/(37!3!)) + 12!/(11!1!) * (40!/(36!4!)),29678,0,1,0,Assignment10.16.13,2013-10-17T03:04:39,dmariano
96581,59479,792+19800+171600+652080+1096680,29679,0,1,0,Assignment10.16.13,2013-10-17T03:07:30,dmariano
96588,59484,185872,29680,0,1,1,Assignment10.16.13,2013-10-17T03:08:13,dmariano
96593,59487,12!/(7!5!) + 12!/(8!4!) * (16!/(15!1!)) + 12!/(9!3!) * (16!/(14!2!)) + 12!/(10!2!) * (16!/(13!3!)) + 12!/(11!1!) * (16!/(12!4!)),29681,0,1,0,Assignment10.16.13,2013-10-17T03:09:51,dmariano
96604,59496,12!/(7!5!) + 12!/(8!4!) * (16!/(15!1!)) + 12!/(9!3!) * (16!/(14!2!)) + 12!/(10!2!) * (16!/(13!3!)) + 12!/(11!1!) * (16!/(12!4!))*2,29682,0,1,0,Assignment10.16.13,2013-10-17T03:13:19,dmariano
96605,59497,(28!/(23!*5!))-(16!/(11!*5!)),31128,0,1,0,Assignment10.16.13,2013-10-17T03:13:30,rqiu
96606,59498,185872,29683,0,1,1,Assignment10.16.13,2013-10-17T03:14:23,dmariano
96622,59510,(32!/(27!*5!))-(16!/(11!*5!)),31129,0,1,0,Assignment10.16.13,2013-10-17T03:16:08,rqiu
96626,59513,(32!/(27!*5!))-(20!/(15!*5!)),31130,0,1,1,Assignment10.16.13,2013-10-17T03:16:25,rqiu
96635,59519,12!/(7!5!) + 12!/(8!4!) * (20!/(19!1!)) + 12!/(9!3!) * (20!/(18!2!)) + 12!/(10!2!) * (20!/(17!3!)) + 12!/(11!1!) * (20!/(16!4!)),29687,0,1,1,Assignment10.16.13,2013-10-17T03:18:27,dmariano
96636,59520,(12*11*10*9*8)/(24/(5!19!)),30863,0,1,0,Assignment10.16.13,2013-10-17T03:18:40,miw034
96642,59522,(12*11*10*9*8)/(24!/(5!19!)),30866,0,1,0,Assignment10.16.13,2013-10-17T03:19:45,miw034
96647,59526,(24!/(5!19!))- (12!/(5!7!)),30868,0,1,0,Assignment10.16.13,2013-10-17T03:21:46,miw034
96665,59542,12,28935,0,1,0,Assignment10.16.13,2013-10-17T03:28:38,a7luong
96742,59584,4*7,31632,0,1,0,Assignment10.16.13,2013-10-17T03:45:03,yochang
96743,59585,"4*7/C(52,5)",31633,0,1,0,Assignment10.16.13,2013-10-17T03:45:13,yochang
96744,59586,"4*6/C(52,5)",31634,0,1,0,Assignment10.16.13,2013-10-17T03:45:31,yochang
96745,59587,"4*8/C(52,5)",31635,0,1,0,Assignment10.16.13,2013-10-17T03:45:36,yochang
96763,59599,"4*3/C(52,5)",31636,0,1,0,Assignment10.16.13,2013-10-17T03:49:06,yochang
96803,59632,"1/((C(12,1)+C(40,4))",30443,0,1,0,Assignment10.16.13,2013-10-17T03:57:30,jwk020
96827,59649,"1/((C(12,1)+C(40,4)))",30445,0,1,0,Assignment10.16.13,2013-10-17T04:01:34,jwk020
96849,59669,16*56,29547,0,1,0,Assignment10.16.13,2013-10-17T04:06:23,d3ung
96855,59672,3,29548,0,1,0,Assignment10.16.13,2013-10-17T04:07:26,d3ung
96868,59680,16*56-16,29549,0,1,0,Assignment10.16.13,2013-10-17T04:08:54,d3ung
96869,59681,0,31586,0,1,0,Assignment10.16.13,2013-10-17T04:09:03,xiwen
96874,59685,"C(32,5)",31587,0,1,0,Assignment10.16.13,2013-10-17T04:10:12,xiwen
96886,59695,12,30329,0,1,0,Assignment10.16.13,2013-10-17T04:13:57,jogong
96915,59711,(28!/(5!23!))- (16!/(5!11!)),30870,0,1,0,Assignment10.16.13,2013-10-17T04:17:05,miw034
96921,59716,16,30330,0,1,0,Assignment10.16.13,2013-10-17T04:18:20,jogong
96926,59719,(32!/(5!27!))- (20!/(5!15!)),30871,0,1,1,Assignment10.16.13,2013-10-17T04:18:57,miw034
96932,59723,78792,30994,0,1,0,Assignment10.16.13,2013-10-17T04:19:42,nrashink
96934,59725,4 * (4^5),30331,0,1,0,Assignment10.16.13,2013-10-17T04:19:53,jogong
96935,59726,(4 * (4^5)),30332,0,1,0,Assignment10.16.13,2013-10-17T04:20:05,jogong
96936,59727,(4 * (4^5)) -16,30333,0,1,0,Assignment10.16.13,2013-10-17T04:20:10,jogong
96941,59729,(13!/ (5!8!)) *4,30334,0,1,0,Assignment10.16.13,2013-10-17T04:21:47,jogong
96942,59730,(13!/ (5!8!)),30335,0,1,0,Assignment10.16.13,2013-10-17T04:21:52,jogong
96947,59732,"{J,Q,K}",30743,0,1,0,Assignment10.16.13,2013-10-17T04:22:08,lclarici
96950,59733,"J,Q,K",30746,0,1,0,Assignment10.16.13,2013-10-17T04:22:18,lclarici
96953,59735,"Q,K",30748,0,1,0,Assignment10.16.13,2013-10-17T04:22:29,lclarici
96965,59740,4,30336,0,1,0,Assignment10.16.13,2013-10-17T04:23:08,jogong
96966,59741,(3*4)/(52C5),30749,0,1,0,Assignment10.16.13,2013-10-17T04:23:17,lclarici
96967,59742,(3*4)/(5C52),30750,0,1,0,Assignment10.16.13,2013-10-17T04:23:27,lclarici
96969,59744,(4^5) * 4,30337,0,1,0,Assignment10.16.13,2013-10-17T04:23:38,jogong
96971,59746,(3*4)/(52!/47!5!),30751,0,1,0,Assignment10.16.13,2013-10-17T04:23:59,lclarici
96977,59748,),30752,0,1,0,Assignment10.16.13,2013-10-17T04:24:38,lclarici
96984,59751,(4^5) * 16,30338,0,1,0,Assignment10.16.13,2013-10-17T04:24:48,jogong
96985,59752,64*8*7*6*5*4,29550,0,1,0,Assignment10.16.13,2013-10-17T04:24:53,d3ung
96993,59756,"1-(C(40,5)/C(52/5)",30447,0,1,0,Assignment10.16.13,2013-10-17T04:25:10,jwk020
96995,59758,64*8*7*6*5*4/5,29551,0,1,0,Assignment10.16.13,2013-10-17T04:25:21,d3ung
97116,59831,"C(36, 4)*C(12, 1) + C(36, 3)*C(12, 2) + C(36, 2)*C(12, 3) + C(36, 1)*C(12, 4) + C(12, 5)",28927,0,1,0,Assignment10.16.13,2013-10-17T04:39:44,a4to
97134,59840,"C(20, 4)*C(12, 1) + C(20, 3)*C(12, 2) + C(20, 2)*C(12, 3) + C(20, 1)*C(12, 4) + C(12, 5)",28928,0,1,1,Assignment10.16.13,2013-10-17T04:41:30,a4to
97153,59854,"{J,Q,K}",31214,0,1,0,Assignment10.16.13,2013-10-17T04:44:42,shquach
97155,59856,,31215,0,1,0,Assignment10.16.13,2013-10-17T04:44:48,shquach
97157,59858,"C(26,4)",29767,0,1,0,Assignment10.16.13,2013-10-17T04:44:52,ehk006
97162,59862,"C(32,3)*4",31216,0,1,0,Assignment10.16.13,2013-10-17T04:45:29,shquach
97167,59867,1-(10/13)^5,28979,0,1,0,Assignment10.16.13,2013-10-17T04:46:34,adfisher
97171,59871,"C(12,1)",31143,0,1,0,Assignment10.16.13,2013-10-17T04:48:08,rtien
97172,59872,"C(12,5)",31144,0,1,0,Assignment10.16.13,2013-10-17T04:48:13,rtien
97173,59873,"C(52,5)",31145,0,1,0,Assignment10.16.13,2013-10-17T04:48:21,rtien
97175,59875,"C(47,5)",30606,0,1,0,Assignment10.16.13,2013-10-17T04:49:03,lahuynh
97191,59883,1-(C(,30452,0,1,0,Assignment10.16.13,2013-10-17T04:50:28,jwk020
97194,59885,"C(12,5)",30607,0,1,0,Assignment10.16.13,2013-10-17T04:50:38,lahuynh
97203,59894,"C(52,5)",30609,0,1,0,Assignment10.16.13,2013-10-17T04:51:55,lahuynh
97209,59898,"C(52,5) - C(52,36)",30610,0,1,0,Assignment10.16.13,2013-10-17T04:52:09,lahuynh
97214,59902,"C(52,5) - C(36,5)",30611,0,1,0,Assignment10.16.13,2013-10-17T04:52:17,lahuynh
97224,59909,"C(12,1)",30612,0,1,0,Assignment10.16.13,2013-10-17T04:53:19,lahuynh
97230,59913,"C(52,12)",30613,0,1,0,Assignment10.16.13,2013-10-17T04:54:06,lahuynh
97247,59928,"C(52,5)-C(40,5)",31003,0,1,0,Assignment10.16.13,2013-10-17T04:55:20,p2mai
97248,59929,"C(52,1) - C(12,1)",30614,0,1,0,Assignment10.16.13,2013-10-17T04:55:27,lahuynh
97251,59932,"C(52,1) - C(40,1)",30615,0,1,0,Assignment10.16.13,2013-10-17T04:55:56,lahuynh
97255,59937,"C(52,1) - C(12,0)",30616,0,1,0,Assignment10.16.13,2013-10-17T04:56:21,lahuynh
97257,59938,"C(52-24,5)",31004,0,1,0,Assignment10.16.13,2013-10-17T04:56:27,p2mai
97264,59942,"C(26,5)",29769,0,1,0,Assignment10.16.13,2013-10-17T04:57:07,ehk006
97265,59943,"C(51,4)",30239,0,1,0,Assignment10.16.13,2013-10-17T04:57:22,jgg007
97266,59944,"[C(52-24,5)]*[C(52,5)-C(40,5)]",31006,0,1,0,Assignment10.16.13,2013-10-17T04:57:28,p2mai
97267,59945,"C(12,1)C(51,1)",29770,0,1,0,Assignment10.16.13,2013-10-17T04:57:42,ehk006
97268,59946,"C(12,1) + C(52,4)",30617,0,1,0,Assignment10.16.13,2013-10-17T04:57:55,lahuynh
97269,59947,"[C(52-20,5)]*[C(52,5)-C(40,5)]",31007,0,1,0,Assignment10.16.13,2013-10-17T04:57:59,p2mai
97270,59948,"C(12,1) + C(40,4)",30618,0,1,0,Assignment10.16.13,2013-10-17T04:58:01,lahuynh
97271,59949,"C(12,1) * C(40,4)",30619,0,1,0,Assignment10.16.13,2013-10-17T04:58:11,lahuynh
97272,59950,"C(12,1)C(51,4)",29771,0,1,0,Assignment10.16.13,2013-10-17T04:58:23,ehk006
97273,59951,"C(12,1) + C(51,4)",30620,0,1,0,Assignment10.16.13,2013-10-17T04:59:03,lahuynh
97276,59954,"C(52,5) - C(40,5)",30240,0,1,0,Assignment10.16.13,2013-10-17T04:59:52,jgg007
97280,59958,"[C(24,5)]*[C(52,5)-C(40,5)]",31008,0,1,0,Assignment10.16.13,2013-10-17T05:00:37,p2mai
97283,59961,"C(52,5) - C(12,0)*C(52,5)",30621,0,1,0,Assignment10.16.13,2013-10-17T05:01:01,lahuynh
97285,59963,"C(12,5) - C(12,0)*C(52,5)",30622,0,1,0,Assignment10.16.13,2013-10-17T05:01:24,lahuynh
97287,59965,"[C(20,5)]*[C(52,5)-C(40,5)]",31009,0,1,0,Assignment10.16.13,2013-10-17T05:01:34,p2mai
97294,59969,"C(12,1)*C(51,4) + C(12,2)*C(50,3) + C(12,3)*C(49,2) + C(12,4)*C(48,1) + C(12,5)*C(47,0)",30623,0,1,0,Assignment10.16.13,2013-10-17T05:02:40,lahuynh
97296,59970,"[C(28,5)]*[C(52,5)-C(40,5)]",31010,0,1,0,Assignment10.16.13,2013-10-17T05:03:06,p2mai
97297,59972,"1 - C(12,0)",30624,0,1,0,Assignment10.16.13,2013-10-17T05:03:35,lahuynh
97298,59973,"1 - C(12,0)/C(52,5)",30625,0,1,0,Assignment10.16.13,2013-10-17T05:03:43,lahuynh
97299,59974,"1-C(40,5)",29772,0,1,0,Assignment10.16.13,2013-10-17T05:03:58,ehk006
97300,59975,"1 - C(12,0)/C(12,5)",30626,0,1,0,Assignment10.16.13,2013-10-17T05:03:59,lahuynh
97301,59976,"C(52,5)-C(40,5)",29773,0,1,0,Assignment10.16.13,2013-10-17T05:04:11,ehk006
97302,59977,"1 - C(12,0)/C(42,5)",30627,0,1,0,Assignment10.16.13,2013-10-17T05:04:23,lahuynh
97303,59978,"1 - C(12,0)/C(40,5)",30628,0,1,0,Assignment10.16.13,2013-10-17T05:04:30,lahuynh
97304,59979,"C(40,5)",31589,0,1,0,Assignment10.16.13,2013-10-17T05:05:05,xiwen
97305,59980,"C(52,5) - C(12,0)",30629,0,1,0,Assignment10.16.13,2013-10-17T05:05:21,lahuynh
97306,59981,"C(40,5) - C(12,0)",30630,0,1,0,Assignment10.16.13,2013-10-17T05:05:44,lahuynh
97307,59982,"C(52,5) - C(12,0)",30631,0,1,0,Assignment10.16.13,2013-10-17T05:05:50,lahuynh
97322,59993,"1 -C(40,5)",30632,0,1,0,Assignment10.16.13,2013-10-17T05:07:16,lahuynh
97323,59994,"C(31, 4)",30241,0,1,0,Assignment10.16.13,2013-10-17T05:07:20,jgg007
97326,59996,"C(52,5) - C(40,5)",30633,0,1,0,Assignment10.16.13,2013-10-17T05:07:59,lahuynh
97327,59998,"[C(32,5)]*[C(52,5)-C(40,5)]",31011,0,1,0,Assignment10.16.13,2013-10-17T05:08:06,p2mai
97329,59999,"C(31, 4)*12",30243,0,1,0,Assignment10.16.13,2013-10-17T05:08:20,jgg007
97330,60000,"C(12,1)C(22,4)+C(12,2)C(22,3)+C(12,4)C(22,1)+C(12,5)",31590,0,1,0,Assignment10.16.13,2013-10-17T05:09:29,xiwen
97332,60002,"C(52,5)-C(40,5)-C(20,5)",29774,0,1,0,Assignment10.16.13,2013-10-17T05:09:50,ehk006
97334,60003,"(C(52,5) - C(40,5)) -(C(52,5) - C(28,5))",30635,0,1,0,Assignment10.16.13,2013-10-17T05:11:02,lahuynh
97338,60006,"C(52,5) - C(40,5) - C(28,5)",30636,0,1,0,Assignment10.16.13,2013-10-17T05:11:32,lahuynh
97339,60007,"C(12,1)C(18,4)+C(12,2)C(18,3)+C(12,4)C(18,1)+C(12,5)",31591,0,1,0,Assignment10.16.13,2013-10-17T05:12:09,xiwen
97340,60008,"C(12,1) * C(40,4) + C(12,2) * C(40,3) + C(12,3) * C(40,2) + C(12,4) * C(40,1) + C(12,5)",30560,0,1,0,Assignment10.16.13,2013-10-17T05:12:12,kkw009
97342,60009,"C(52,5)-C(40,5)-C(26,5)",29776,0,1,0,Assignment10.16.13,2013-10-17T05:12:47,ehk006
97343,60010,"C(52,5)-C(40,5)-C(16,5)",29777,0,1,0,Assignment10.16.13,2013-10-17T05:12:54,ehk006
97344,60011,"C(52,5) - C(40,5) - C(32,5)",30637,0,1,0,Assignment10.16.13,2013-10-17T05:13:07,lahuynh
97345,60012,"C(31,4)*12",30244,0,1,0,Assignment10.16.13,2013-10-17T05:13:25,jgg007
97346,60013,"C(52,5)-C(16,5)",29778,0,1,0,Assignment10.16.13,2013-10-17T05:13:50,ehk006
97347,60014,"C(12,1) * C(32,4) + C(12,2) * C(32,3) + C(12,3) * C(32,2) + C(12,4) * C(32,1) + C(12,5)",30562,0,1,0,Assignment10.16.13,2013-10-17T05:13:57,kkw009
97348,60015,"C(52,5) - C(40,5) * C(32,5)",30638,0,1,0,Assignment10.16.13,2013-10-17T05:13:59,lahuynh
97349,60016,"C(52,5) - C(40,5) + C(32,5)",30639,0,1,0,Assignment10.16.13,2013-10-17T05:14:06,lahuynh
97350,60017,"C(52,5)-C(16,5)-C(40,5)",29779,0,1,0,Assignment10.16.13,2013-10-17T05:14:12,ehk006
97351,60018,"C(52,5) - C(40,5) - C(32,5)",30640,0,1,0,Assignment10.16.13,2013-10-17T05:14:13,lahuynh
97353,60020,"C(52,5) - C(40,5) - C(20,5)",30641,0,1,0,Assignment10.16.13,2013-10-17T05:15:08,lahuynh
97354,60021,"C(12,1) * C(20,4) + C(12,2) * C(20,3) + C(12,3) * C(20,2) + C(12,4) * C(20,1) + C(12,5)",30563,0,1,1,Assignment10.16.13,2013-10-17T05:15:50,kkw009
97355,60022,"C(52,5)-C(20,5)",29780,0,1,0,Assignment10.16.13,2013-10-17T05:15:55,ehk006
97356,60023,"(40,5) - C(20,5)",30642,0,1,0,Assignment10.16.13,2013-10-17T05:16:02,lahuynh
97357,60024,"C(40,5) - C(20,5)",30643,0,1,0,Assignment10.16.13,2013-10-17T05:16:10,lahuynh
97358,60025,93912,30996,0,1,0,Assignment10.16.13,2013-10-17T05:16:24,nrashink
97359,60026,"C(52,5) - C(40,5) - C(20,5)",30644,0,1,0,Assignment10.16.13,2013-10-17T05:16:37,lahuynh
97361,60028,"C(5,3)+C(8,5)",30046,0,1,0,Assignment10.16.13,2013-10-17T05:17:24,jacontre
97364,60030,"C(5,3)*C(8,5)",30048,0,1,0,Assignment10.16.13,2013-10-17T05:17:44,jacontre
97366,60031,"C(12,1)C(14,4)+C(12,2)C(14,3)+C(12,4)C(14,1)+C(12,5)",31593,0,1,0,Assignment10.16.13,2013-10-17T05:17:45,xiwen
97367,60032,0,31012,0,1,0,Assignment10.16.13,2013-10-17T05:17:53,p2mai
97368,60034,"C(12,1)C(18,4)+C(12,2)C(18,3)+C(12,3)C(18,2)+C(12,4)C(18,1)+C(12,5)",31594,0,1,0,Assignment10.16.13,2013-10-17T05:18:37,xiwen
97369,60035,"C(12,1)C(14,4)+C(12,2)C(14,3)+C(12,3)C(14,2)+C(12,4)C(14,1)+C(12,5)",31595,0,1,0,Assignment10.16.13,2013-10-17T05:19:03,xiwen
97373,60039,"C(12,1)C(16,4)+C(12,2)C(16,3)+C(12,3)C(16,2)+C(12,4)C(16,1)+C(12,5)",31596,0,1,0,Assignment10.16.13,2013-10-17T05:20:49,xiwen
97374,60040,"C(32,5)/C(12,5)",30051,0,1,0,Assignment10.16.13,2013-10-17T05:20:51,jacontre
97376,60041,"C(52,5) - C(40,5) - C(20,5) - C(20,4) - C(20,3) - C(20,2) - C(20,1) -C(20,0)",30645,0,1,0,Assignment10.16.13,2013-10-17T05:20:59,lahuynh
97377,60042,"C(52,5) - C(40,5) - C(20,5)",30646,0,1,0,Assignment10.16.13,2013-10-17T05:21:28,lahuynh
97378,60043,"C(12,5)",31013,0,1,0,Assignment10.16.13,2013-10-17T05:21:42,p2mai
97379,60046,"C(52,5) - C(40,5) - C(20,5) - C(20,4) - C(20,3) - C(20,2) - C(20,1)",30647,0,1,0,Assignment10.16.13,2013-10-17T05:24:25,lahuynh
97380,60047,"C(12,1)C(20,4)+C(12,2)C(20,3)+C(12,3)C(20,2)+C(12,4)C(20,1)+C(12,5)",31597,0,1,1,Assignment10.16.13,2013-10-17T05:24:32,xiwen
97384,60050,"C(52,5) - C(40,5) - C(52,5) C(20,5) - C(20,4) - C(20,3) - C(20,2) - C(20,1)",30648,0,1,0,Assignment10.16.13,2013-10-17T05:24:54,lahuynh
97388,60053,"C(52,5) - C(40,5) - C(52,5) - C(20,5) - C(20,4) - C(20,3) - C(20,2) - C(20,1)",30649,0,1,0,Assignment10.16.13,2013-10-17T05:25:32,lahuynh
97390,60055,"C(52,5) - C(40,5) - C(20,5)",30650,0,1,0,Assignment10.16.13,2013-10-17T05:25:48,lahuynh
97395,60058,"[C(32,5)-C(20,5)]*[C(52,5)-C(40,5)]",31014,0,1,0,Assignment10.16.13,2013-10-17T05:27:11,p2mai
97396,60059,"C(32,4)*C(28,1)",31217,0,1,0,Assignment10.16.13,2013-10-17T05:27:58,shquach
97397,60060,,31679,0,1,0,Assignment10.16.13,2013-10-17T05:28:02,yuncong
97398,60061,"C(32,5)-C(20,5)",30053,0,1,1,Assignment10.16.13,2013-10-17T05:28:03,jacontre
97400,60062,41712,30997,0,1,0,Assignment10.16.13,2013-10-17T05:28:17,nrashink
97402,60064,"C(20,4)*C(12,1)",31218,0,1,0,Assignment10.16.13,2013-10-17T05:28:31,shquach
97406,60069,(28!/(43!*5!)) - (20!/(15!*5!)),29884,0,1,0,Assignment10.16.13,2013-10-17T05:30:19,fplatt
97409,60070,"C(20,4)*C(12,4)",31220,0,1,0,Assignment10.16.13,2013-10-17T05:30:26,shquach
97410,60071,"C(20,4)*C(12,12)",31221,0,1,0,Assignment10.16.13,2013-10-17T05:30:32,shquach
97411,60072,(28!/(23!*5!)) - (20!/(15!*5!)),29887,0,1,0,Assignment10.16.13,2013-10-17T05:30:40,fplatt
97413,60073,"C(52,5) - C(40,5) - C(32,5)",30651,0,1,0,Assignment10.16.13,2013-10-17T05:31:16,lahuynh
97414,60074,"C(52,5) - C(40,5) - C(20,5)",30652,0,1,0,Assignment10.16.13,2013-10-17T05:31:42,lahuynh
97415,60075,(32!/(27!*5!)) - (20!/(15!*5!)),29889,0,1,1,Assignment10.16.13,2013-10-17T05:32:01,fplatt
97420,60077,"C(12,5)",31015,0,1,0,Assignment10.16.13,2013-10-17T05:32:40,p2mai
97433,60088,(12/52)*(32/52)^4,29240,0,1,0,Assignment10.16.13,2013-10-17T05:35:31,ayl051
97435,60090,"C(12,1)*C(32,4)",29241,0,1,0,Assignment10.16.13,2013-10-17T05:35:54,ayl051
97436,60091,"C(12,1)+C(32,4)",29242,0,1,0,Assignment10.16.13,2013-10-17T05:36:04,ayl051
97437,60092,"C(12,1)*C(28,4)",29243,0,1,0,Assignment10.16.13,2013-10-17T05:36:30,ayl051
97438,60093,"C(12,1)+C(28,4)",29244,0,1,0,Assignment10.16.13,2013-10-17T05:36:35,ayl051
97442,60096,"[C(12,5)]*[C(52,5)-C(40,5)]",31016,0,1,0,Assignment10.16.13,2013-10-17T05:37:56,p2mai
97445,60099,"C(12,1)*C(31,4)",29245,0,1,0,Assignment10.16.13,2013-10-17T05:38:59,ayl051
97458,60109,"C(32,5)-C(20,5)",29246,0,1,1,Assignment10.16.13,2013-10-17T05:44:14,ayl051
97476,60129,"C(31,4)",30245,0,1,0,Assignment10.16.13,2013-10-17T05:48:16,jgg007
97478,60131,12/52,30389,0,1,0,Assignment10.16.13,2013-10-17T05:49:18,jpw007
97480,60133,93912,30998,0,1,0,Assignment10.16.13,2013-10-17T05:50:06,nrashink
97484,60140,"C(32,5)-C(20,5)",31017,0,1,1,Assignment10.16.13,2013-10-17T05:53:15,p2mai
97492,60151,"C(31,4)C(12,1)",31222,0,1,0,Assignment10.16.13,2013-10-17T05:55:00,shquach
97504,60158,"C(52,5) - C(40,5) *C(20,5)",30653,0,1,0,Assignment10.16.13,2013-10-17T05:56:19,lahuynh
97505,60159,"C(32,5)-C(20,5)",31223,0,1,1,Assignment10.16.13,2013-10-17T05:56:28,shquach
97521,60165,3,29781,0,1,0,Assignment10.16.13,2013-10-17T05:57:50,ehk006
97522,60166,32555520,29782,0,1,0,Assignment10.16.13,2013-10-17T05:58:02,ehk006
97535,60174,"C(52,5) - C(20,5) - C(20,4) - C(20,3) - C(20,2) - C(20,1)",30654,0,1,0,Assignment10.16.13,2013-10-17T05:59:22,lahuynh
97540,60177,"C(52,5) - C(20,5) - C(20,4) - C(20,3) - C(20,2) - C(20,1) - C(40,5)",30655,0,1,0,Assignment10.16.13,2013-10-17T06:00:11,lahuynh
97552,60183,"C(52,5) - (C(20,5) + C(20,4) + C(20,3) + C(20,2) + C(20,1)) - C(40,5)",30656,0,1,0,Assignment10.16.13,2013-10-17T06:00:39,lahuynh
97567,60190,8285760,29783,0,1,0,Assignment10.16.13,2013-10-17T06:02:01,ehk006
97573,60192,,31680,0,1,0,Assignment10.16.13,2013-10-17T06:02:42,yuncong
97574,60193,"C(52,5) - (C(20,5) + C(20,4) + C(20,3) + C(20,2) + C(20,1) + C(20,0)) - C(40,5)",30657,0,1,0,Assignment10.16.13,2013-10-17T06:03:14,lahuynh
97578,60195,"C(52,5) - (C(20,5) + C(20,4) + C(20,3) + C(20,2) + C(20,1)) - C(40,5)",30658,0,1,0,Assignment10.16.13,2013-10-17T06:03:33,lahuynh
97594,60199,"C(52,5) - (C(20,5) * C(20,4) * C(20,3) * C(20,2) * C(20,1)) - C(40,5)",30659,0,1,0,Assignment10.16.13,2013-10-17T06:05:04,lahuynh
97600,60202,"C(52,5) - (C(20,5) + C(20,4) + C(20,3) + C(20,2) + C(20,1)) - C(40,5)",30660,0,1,0,Assignment10.16.13,2013-10-17T06:05:26,lahuynh
97612,60208,"C(28,5)-C(12,5)",29784,0,1,0,Assignment10.16.13,2013-10-17T06:07:13,ehk006
97613,60209,40!/(5!35!),30390,0,1,0,Assignment10.16.13,2013-10-17T06:07:19,jpw007
97617,60211,1-((658068)/(52!/(5!47!))),30391,0,1,0,Assignment10.16.13,2013-10-17T06:08:18,jpw007
97618,60212,"C(28,5)-16*15*14*13",29785,0,1,0,Assignment10.16.13,2013-10-17T06:08:22,ehk006
97619,60213,"c(52,5)",30392,0,1,0,Assignment10.16.13,2013-10-17T06:08:33,jpw007
97622,60216,1-(40!/(35!5!)/52!/(47!5!)),30393,0,1,0,Assignment10.16.13,2013-10-17T06:10:11,jpw007
97623,60217,0.746818727491,30394,0,1,0,Assignment10.16.13,2013-10-17T06:11:29,jpw007
97633,60228,185872,29692,0,1,1,Assignment10.16.13,2013-10-17T06:14:27,dnl001
97646,60239,0.05786598026404,30396,0,1,0,Assignment10.16.13,2013-10-17T06:19:14,jpw007
97648,60242,"C(52,5) - C(36,5)",30661,0,1,0,Assignment10.16.13,2013-10-17T06:19:32,lahuynh
97649,60245,"C(52,5) - (C(20,5) + C(20,4) + C(20,3) + C(20,2) + C(20,1)) - C(40,5)",30662,0,1,0,Assignment10.16.13,2013-10-17T06:21:12,lahuynh
97652,60249,"C(52,5)-C(40,5)-C(20,5)",29786,0,1,0,Assignment10.16.13,2013-10-17T06:21:55,ehk006
97654,60251,"(C(52,5) - C(20,5) + C(20,4) + C(20,3) + C(20,2) + C(20,1)) - (C(52,5) - C(40,5))",30663,0,1,0,Assignment10.16.13,2013-10-17T06:22:20,lahuynh
97655,60252,"C(52,5) - (C(52,5) - C(20,5) + C(20,4) + C(20,3) + C(20,2) + C(20,1)) - (C(52,5) - C(40,5))",30664,0,1,0,Assignment10.16.13,2013-10-17T06:22:27,lahuynh
97656,60253,"(C(52,5) - C(20,5) + C(20,4) + C(20,3) + C(20,2) + C(20,1)) - (C(52,5) - C(40,5))",30665,0,1,0,Assignment10.16.13,2013-10-17T06:22:39,lahuynh
97675,60268,"(C(52,5) - C(20,5) - C(20,4) - C(20,3) - C(20,2) - C(20,1)) - (C(52,5) - C(40,5))",30666,0,1,0,Assignment10.16.13,2013-10-17T06:24:07,lahuynh
97676,60269,"C(52,5) - (C(52,5) - C(20,5) - C(20,4) - C(20,3) - C(20,2) - C(20,1)) - (C(52,5) - C(40,5))",30667,0,1,0,Assignment10.16.13,2013-10-17T06:24:19,lahuynh
97681,60274,"C(32,5) + C(32,4) + C(32,3) + C(32,2) + C(32,1) - (C(52,5) - C(40,5))",30668,0,1,0,Assignment10.16.13,2013-10-17T06:25:59,lahuynh
97683,60276,"C(32,5) + C(32,4) + C(32,3) + C(32,2) + C(32,1) + (C(52,5) - C(40,5))",30669,0,1,0,Assignment10.16.13,2013-10-17T06:26:41,lahuynh
97684,60277,"C(52,5) - C(40,5) - C(20,5) - C(20,4) - C(20,3) - C(20,2) - C(20,1)",30670,0,1,0,Assignment10.16.13,2013-10-17T06:28:19,lahuynh
97685,60278,"C(52,5) - C(40,5) - (C(20,5) - C(20,4) - C(20,3) - C(20,2) - C(20,1))",30671,0,1,0,Assignment10.16.13,2013-10-17T06:28:33,lahuynh
97687,60280,"C(32,5)-C(20,5)",29452,0,1,1,Assignment10.16.13,2013-10-17T06:29:24,cjy008
97700,60289,"C(3*4,5)",30428,0,1,0,Assignment10.16.13,2013-10-17T06:33:25,juc030
97706,60293,"C(13,5)*4",30484,0,1,0,Assignment10.16.13,2013-10-17T06:34:33,kegu
97712,60297,"C(12,1)*C(16,4)+C(12,2)*C(16,3)+C(12,3)*C(16,2)+C(12,4)*C(16,1)+C(12,5)",29688,0,1,0,Assignment10.16.13,2013-10-17T06:35:37,dmozlows
97715,60300,"C(52,5) - C(40,5)",30246,0,1,0,Assignment10.16.13,2013-10-17T06:37:31,jgg007
97716,60302,"C(32,5) - C(20,5)",30247,0,1,1,Assignment10.16.13,2013-10-17T06:38:14,jgg007
97718,60303,"C(52,5)-C(40,5)",31204,0,1,0,Assignment10.16.13,2013-10-17T06:39:45,sagustaf
97722,60307,"C(32,5)",31205,0,1,0,Assignment10.16.13,2013-10-17T06:41:40,sagustaf
97724,60308,4,31207,0,1,0,Assignment10.16.13,2013-10-17T06:42:55,sagustaf
97726,60310,"C(32,5)",31208,0,1,0,Assignment10.16.13,2013-10-17T06:46:40,sagustaf
97727,60311,12,31209,0,1,0,Assignment10.16.13,2013-10-17T06:47:06,sagustaf
97734,60316,4^7,31210,0,1,0,Assignment10.16.13,2013-10-17T06:50:12,sagustaf
97751,60331,"C(32,3)",31637,0,1,0,Assignment10.16.13,2013-10-17T06:54:19,yochang
97752,60332,"C(32,3)*12",31638,0,1,0,Assignment10.16.13,2013-10-17T06:54:27,yochang
97753,60333,"C(24,5)*C(12,1)",31492,0,1,0,Assignment10.16.13,2013-10-17T06:54:32,tyxie
97756,60336,"C(36,4)*12",31639,0,1,0,Assignment10.16.13,2013-10-17T06:54:48,yochang
97758,60338,"C(28,4)*12",31640,0,1,0,Assignment10.16.13,2013-10-17T06:55:00,yochang
97765,60345,"1-(C(32,4)*12)",31641,0,1,0,Assignment10.16.13,2013-10-17T06:55:32,yochang
97768,60348,"C(24,5)*C(12,1",31494,0,1,0,Assignment10.16.13,2013-10-17T06:56:13,tyxie
97773,60351,"C(12,1)/C(52,5)",31496,0,1,0,Assignment10.16.13,2013-10-17T06:56:24,tyxie
97775,60353,"(C(20,5) + C(20,4) + C(20,3) + C(20,2) + C(20,1)) - C(52,5) - C(40,5)",30672,0,1,0,Assignment10.16.13,2013-10-17T06:56:33,lahuynh
97778,60356,"(C(20,5) + C(20,4) + C(20,3) + C(20,2) + C(20,1)) - C(40,5)",30673,0,1,0,Assignment10.16.13,2013-10-17T06:56:59,lahuynh
97781,60359,"((C(20,5) + C(20,4) + C(20,3) + C(20,2) + C(20,1)) )",30674,0,1,0,Assignment10.16.13,2013-10-17T06:57:28,lahuynh
97784,60362,"C(52,5) - C(40,5) - ((C(20,5) + C(20,4) + C(20,3) + C(20,2) + C(20,1)) )",30675,0,1,0,Assignment10.16.13,2013-10-17T06:57:43,lahuynh
97794,60370,"C(52, 5)- C(40,5)",29513,0,1,0,Assignment10.16.13,2013-10-17T06:58:50,cyl054
97795,60371,12,30676,0,1,0,Assignment10.16.13,2013-10-17T06:58:52,lahuynh
97815,60386,"C(32,5)",29514,0,1,0,Assignment10.16.13,2013-10-17T07:02:57,cyl054
97825,60391,0,30677,0,1,0,Assignment10.16.13,2013-10-17T07:03:25,lahuynh
97832,60394,"C(12,1)C(31,4)",29516,0,1,0,Assignment10.16.13,2013-10-17T07:04:25,cyl054
97834,60396,"C(20,0)",30678,0,1,0,Assignment10.16.13,2013-10-17T07:05:06,lahuynh
97839,60399,"C(52,5) - C(40,5) - C(20,0)",30679,0,1,0,Assignment10.16.13,2013-10-17T07:05:35,lahuynh
97840,60400,"C(52,5) - C(40,5) + C(20,0)",30680,0,1,0,Assignment10.16.13,2013-10-17T07:05:44,lahuynh
97841,60401,4^5,29787,0,1,0,Assignment10.16.13,2013-10-17T07:06:00,ehk006
97856,60412,"C(52,5) - C(40,5) - C(32,5)",30681,0,1,0,Assignment10.16.13,2013-10-17T07:07:31,lahuynh
97861,60414,"C(52,5) - C(40,5) + C(32,5)",30682,0,1,0,Assignment10.16.13,2013-10-17T07:07:50,lahuynh
97862,60415,"(C(52,5) - C(40,5)) * C(32,5)",30683,0,1,0,Assignment10.16.13,2013-10-17T07:08:03,lahuynh
97863,60416,"C(32,5)*(C(52,5)-C(40,5))",29788,0,1,0,Assignment10.16.13,2013-10-17T07:08:14,ehk006
97866,60419,"(C(52,5) - C(40,5)) / C(32,5)",30684,0,1,0,Assignment10.16.13,2013-10-17T07:08:24,lahuynh
97869,60421,"(C(52,5) - C(40,5)) * C(32,5)",30685,0,1,0,Assignment10.16.13,2013-10-17T07:08:46,lahuynh
97873,60423,"C(52,5)-C(20,5)",29517,0,1,0,Assignment10.16.13,2013-10-17T07:09:14,cyl054
97881,60429,"C(32,5) - (C(52,5) - C(40,5))",30688,0,1,0,Assignment10.16.13,2013-10-17T07:10:09,lahuynh
97888,60434,"C(52,5)-C(20,5)-C(40,5)",29518,0,1,0,Assignment10.16.13,2013-10-17T07:10:29,cyl054
97893,60439,"C(52,5) - C(40,5) - C(32,5)",30689,0,1,0,Assignment10.16.13,2013-10-17T07:10:52,lahuynh
97894,60440,"1-(C(52,5)-C(40,5)-C(32,5))",29789,0,1,0,Assignment10.16.13,2013-10-17T07:10:53,ehk006
97897,60443,"(C(52,5) - C(40,5)) ^C(32,5)",30690,0,1,0,Assignment10.16.13,2013-10-17T07:11:30,lahuynh
97898,60444,"(C(52,5) - C(40,5)) + C(32,5)",30691,0,1,0,Assignment10.16.13,2013-10-17T07:11:41,lahuynh
97906,60465,"(C(52,5) - C(40,5)) +  C(32,5)",30692,0,1,0,Assignment10.16.13,2013-10-17T07:12:58,lahuynh
97915,60472,"(C(52,5) - C(40,5)) + C(32,5) - (C(32,5)*(C(52,5)-C(40,5)))",30693,0,1,0,Assignment10.16.13,2013-10-17T07:13:47,lahuynh
97927,60481,"C(32,5)",29521,0,1,0,Assignment10.16.13,2013-10-17T07:15:42,cyl054
97929,60483,"(C(52,5) - C(40,5)) + C(32,5) - (C(32,5)+(C(52,5)-C(40,5)))",30694,0,1,0,Assignment10.16.13,2013-10-17T07:15:59,lahuynh
97938,60488,"C(32,5)+C(52,5)-C(40,5)",29790,0,1,0,Assignment10.16.13,2013-10-17T07:16:31,ehk006
97985,60521,"C(32,5)+C(52,5)-C(40,5)-(C(32,5)+C(52,5)-C(40,5))",29791,0,1,0,Assignment10.16.13,2013-10-17T07:20:59,ehk006
98014,60537,"C(32,5)- (C(52, 5)- C(40,5))",29523,0,1,0,Assignment10.16.13,2013-10-17T07:23:45,cyl054
98021,60540,"C(32,5)",29524,0,1,0,Assignment10.16.13,2013-10-17T07:24:18,cyl054
98022,60541,185872,30999,0,1,1,Assignment10.16.13,2013-10-17T07:24:51,nrashink
98034,60546,"12*C(32,4)",29525,0,1,0,Assignment10.16.13,2013-10-17T07:25:42,cyl054
98036,60548,"12*C(31,4)",29526,0,1,0,Assignment10.16.13,2013-10-17T07:25:49,cyl054
98047,60554,"(C(32,5)+(C(52,5)-C(40,5))) - ((C(52,5) - C(40,5)) + C(32,5))",30695,0,1,0,Assignment10.16.13,2013-10-17T07:27:10,lahuynh
98053,60557,"(C(32,5)+(C(52,5)-C(40,5))) - (C(52,5) - C(40,5)) + C(32,5)",30696,0,1,0,Assignment10.16.13,2013-10-17T07:27:30,lahuynh
98057,60561,"(C(52,5) - C(40,5)) + C(32,5)",30697,0,1,0,Assignment10.16.13,2013-10-17T07:28:08,lahuynh
98059,60563,"1.94095E+06 + C(32,5)",30698,0,1,0,Assignment10.16.13,2013-10-17T07:28:41,lahuynh
98070,60568,"C(32,5) + 1.94095E+06 - C(32,5) + 1.94095E+06",30699,0,1,0,Assignment10.16.13,2013-10-17T07:30:01,lahuynh
98074,60572,"C(32,5) - C(40,5)",30700,0,1,0,Assignment10.16.13,2013-10-17T07:30:35,lahuynh
98075,60573,"C(40,5) - C(32,5)",30701,0,1,0,Assignment10.16.13,2013-10-17T07:30:46,lahuynh
98076,60574,"C(32,5)*(C(52,5) - C(40,5))",30702,0,1,0,Assignment10.16.13,2013-10-17T07:31:12,lahuynh
98077,60575,"C(32,5)*(C(52,5)-C(40,5))",29792,0,1,0,Assignment10.16.13,2013-10-17T07:31:27,ehk006
98079,60577,"C(32,5)-(C(52,5) - C(40,5))",30703,0,1,0,Assignment10.16.13,2013-10-17T07:31:53,lahuynh
98080,60578,"(C(52,5) - C(40,5)) - C(32,5)",30704,0,1,0,Assignment10.16.13,2013-10-17T07:32:06,lahuynh
98101,60589,"C(12,4)",30705,0,1,0,Assignment10.16.13,2013-10-17T07:35:06,lahuynh
98102,60590,"C(32,5)+C(52,5)-C(40,5)-C(12,5)",29793,0,1,0,Assignment10.16.13,2013-10-17T07:35:20,ehk006
98108,60596,"C(52,5) - C(40,5) - C(32,5)",30706,0,1,0,Assignment10.16.13,2013-10-17T07:37:19,lahuynh
98122,60603,"C(32,5)+C(52,5)-C(40,5)-C(20,5)",29794,0,1,0,Assignment10.16.13,2013-10-17T07:39:48,ehk006
98123,60604,"C(52,5) - C(40,5) + C(32,5) -C(20,5)",30707,0,1,0,Assignment10.16.13,2013-10-17T07:39:49,lahuynh
98143,60615,"C(52,5) - C(40,5) + C(32,5) -C(16,5)",30708,0,1,0,Assignment10.16.13,2013-10-17T07:41:22,lahuynh
98150,60618,"C(52,5) - C(40,5) + C(32,5) -C(20,5)",30709,0,1,0,Assignment10.16.13,2013-10-17T07:41:47,lahuynh
98151,60619,"C(52,5) - C(40,5) + C(32,5) -C(28,5)",30710,0,1,0,Assignment10.16.13,2013-10-17T07:43:50,lahuynh
98152,60620,"C(52,5) - C(40,5) + C(32,5) -C(12,5)",30711,0,1,0,Assignment10.16.13,2013-10-17T07:44:03,lahuynh
98153,60621,"C(52,5) - C(40,5) + C(32,5) -C(4,1)",30712,0,1,0,Assignment10.16.13,2013-10-17T07:44:14,lahuynh
98154,60622,"C(32,5)+C(52,5)-C(40,5)-C(32,5)",29795,0,1,0,Assignment10.16.13,2013-10-17T07:44:24,ehk006
98160,60624,"C(52,5) - C(40,5)- C(20,5)",30713,0,1,0,Assignment10.16.13,2013-10-17T07:45:42,lahuynh
98161,60625,"C(32,5)+C(52,5)-C(40,5)-(1-C(32,5)-(C(52,5)-C(40,5))",29796,0,1,0,Assignment10.16.13,2013-10-17T07:45:54,ehk006
98162,60626,"C(32,5)+C(52,5)-C(40,5)-(1-C(32,5)-(C(52,5)-C(40,5)))",29797,0,1,0,Assignment10.16.13,2013-10-17T07:46:04,ehk006
98163,60627,"C(52,5) - C(40,5) - C(32,5)- C(20,5)",30714,0,1,0,Assignment10.16.13,2013-10-17T07:46:11,lahuynh
98166,60629,"C(52,5) - C(40,5) - C(32,5) - C(20,5)",30715,0,1,0,Assignment10.16.13,2013-10-17T07:47:01,lahuynh
98167,60630,"1-C(32,5)-(C(52,5)-C(40,5))",29798,0,1,0,Assignment10.16.13,2013-10-17T07:47:03,ehk006
98168,60631,"C(52,5) - C(40,5) + C(32,5) - C(20,5)",30716,0,1,0,Assignment10.16.13,2013-10-17T07:47:11,lahuynh
98214,60678,"C(12,5)",30346,0,1,0,Assignment10.16.13,2013-10-17T08:09:54,jol133
98226,60685,"C(32,5)+C(52,5)-C(40,5)-C(20,5)-C(12,5)",29799,0,1,0,Assignment10.16.13,2013-10-17T08:11:32,ehk006
98242,60694,"C(32,5)+C(52,5)-C(40,5)-C(20,5)-(C(12,1)C(20,4)+C(12,2)C(20,3)+C(12,3)C(20,2)+C(12,4)C(20,1)+C(12,5))",29800,0,1,0,Assignment10.16.13,2013-10-17T08:13:38,ehk006
98244,60696,20,31537,0,1,0,Assignment10.16.13,2013-10-17T08:13:42,vivenkat
98258,60707,"C(52,5) - C(40,5) + C(32,5) - C(20,5) - (1.94095E+06 -  C(32,5))",30717,0,1,0,Assignment10.16.13,2013-10-17T08:18:16,lahuynh
98259,60708,"C(52,5) - C(40,5) + C(32,5) - C(20,5) - (1.94095E+06 - C(32,5))",30718,0,1,0,Assignment10.16.13,2013-10-17T08:18:27,lahuynh
98262,60710,"C(52,5) - C(40,5) + C(32,5) - C(20,5) - ( C(32,5) - 1.94095E+06)",30719,0,1,0,Assignment10.16.13,2013-10-17T08:19:03,lahuynh
98264,60712,"C(52,5) - C(40,5) + C(32,5) - C(20,5) - (1.94095E+06 - C(20,5))",30720,0,1,0,Assignment10.16.13,2013-10-17T08:19:39,lahuynh
98268,60715,"C(52,5) - C(40,5) + C(32,5) - C(20,5) - ((1.94095E+06 - C(20,5))",30721,0,1,0,Assignment10.16.13,2013-10-17T08:20:12,lahuynh
98269,60716,"C(52,5) - C(40,5) + C(32,5) - C(20,5) - (1.94095E+06 - C(28,5))",30722,0,1,0,Assignment10.16.13,2013-10-17T08:20:28,lahuynh
98270,60717,"C(52,5) - C(40,5) + C(32,5) - C(20,5) - (1.94095E+06 - C(40,5))",30723,0,1,0,Assignment10.16.13,2013-10-17T08:20:51,lahuynh
98271,60718,"C(52,5) - C(40,5) + C(32,5) - C(20,5) - (1.94095E+06 - C(16,5))",30724,0,1,0,Assignment10.16.13,2013-10-17T08:21:28,lahuynh
98273,60720,"C(52,5) - C(40,5) + C(32,5) - C(20,5) - (1.94095E+06 - C(24,5))",30725,0,1,0,Assignment10.16.13,2013-10-17T08:21:47,lahuynh
98274,60721,"C(52,5) - C(40,5) + C(32,5) - C(20,5) - (1.94095E+06 - C(20,5))",30726,0,1,0,Assignment10.16.13,2013-10-17T08:23:02,lahuynh
98281,60724,"C(52,5) - C(40,5) + C(32,5) - C(20,5) - (1.94095E+06 - C(12,5))",30727,0,1,0,Assignment10.16.13,2013-10-17T08:26:54,lahuynh
98286,60726,"C(52,5) - C(40,5) + C(32,5) - C(20,5) - (1.94095E+06 - C(32,5))",30728,0,1,0,Assignment10.16.13,2013-10-17T08:27:19,lahuynh
